{"isolated": {"cGEMM": {"kaas": {"latency": 47.6697998046875, "qps": 21.928753759135542, "model_runtime": 39.55679702758789}, "exclusive": {"latency": 46.45556640625, "qps": 22.243272506570104, "model_runtime": 38.866294860839844}, "static": {"latency": null, "qps": null, "model_runtime": null}, "fractional": {"latency": null, "qps": null, "model_runtime": null}}, "resnet50": {"kaas": {"latency": 30.229248046875, "qps": 52.63401754970873, "model_runtime": 8.181983947753906}, "exclusive": {"latency": 26.0616455078125, "qps": 65.42714872684171, "model_runtime": 4.417503356933594}, "static": {"latency": null, "qps": null, "model_runtime": null}, "fractional": {"latency": null, "qps": null, "model_runtime": null}}, "testModel": {"kaas": {"latency": null, "qps": null, "model_runtime": null}, "exclusive": {"latency": null, "qps": null, "model_runtime": null}, "static": {"latency": null, "qps": null, "model_runtime": null}, "fractional": {"latency": null, "qps": null, "model_runtime": null}}, "bert": {"kaas": {"latency": 151.434326171875, "qps": 9.676101441243512, "model_runtime": 99.02676010131836}, "exclusive": {"latency": 146.8800048828125, "qps": 10.300311568193854, "model_runtime": 92.89483642578125}, "static": {"latency": null, "qps": null, "model_runtime": null}, "fractional": {"latency": null, "qps": null, "model_runtime": null}}, "jacobi": {"kaas": {"latency": 82.8590087890625, "qps": 11.874842547017527, "model_runtime": 77.09657287597656}, "exclusive": {"latency": 62.27490234375, "qps": 16.286805169088797, "model_runtime": 53.98929977416992}, "static": {"latency": null, "qps": null, "model_runtime": null}, "fractional": {"latency": null, "qps": null, "model_runtime": null}}}, "full": {"cGEMM": {"kaas": {"throughput": [89.04612689414967, NaN, NaN, 88.9852443323517, NaN, NaN, NaN, 88.60306509225751, NaN, NaN, NaN, 88.10056337352023, NaN, NaN, NaN, 88.27085940411436, NaN, NaN, NaN, 88.17961028616305, NaN, NaN, NaN, 88.1103227008808, NaN, NaN, NaN, 87.6378116791514, NaN, NaN, NaN, 16.08821042052395]}, "exclusive": {"throughput": [89.3839624983677, 89.06025860312945, 88.86203240859685, 88.64279271345652, 1.4738940934209452, 1.5052189311807862, 1.5284442213367986, 1.5079125400536415, NaN, NaN, NaN, NaN, NaN, NaN, NaN, NaN, NaN, NaN, NaN, NaN, NaN, NaN, NaN, NaN, NaN, NaN, NaN, NaN, NaN, NaN, NaN, NaN]}, "static": {"throughput": [null, null, null, null, null, null, null, null, null, null, null, null, null, null, null, null, null, null, null, null, null, null, null, null, null, null, null, null, null, null, null, null]}, "fractional": {"throughput": [89.31536921416647, 89.09535239981409, 88.72845151089467, 88.55073775994803, 99.1753322863456, 110.2451268239652, 121.72946163909022, 133.81210836073322, 127.48075075779596, 120.8222712008743, 116.73300670222112, 111.68976069355479, 121.2591213559626, 130.6496573492817, 138.01796647884464, 146.52681283328556, NaN, NaN, NaN, NaN, NaN, NaN, NaN, NaN, NaN, NaN, NaN, NaN, NaN, NaN, NaN, NaN]}}, "resnet50": {"kaas": {"throughput": [157.4345736232271, NaN, NaN, 172.75305099021057, NaN, NaN, NaN, 171.03682829443412, NaN, NaN, NaN, 170.37138774255922, NaN, NaN, NaN, 170.3204386190207, NaN, NaN, NaN, 169.26714481664604, NaN, NaN, NaN, 169.5067927952161, NaN, NaN, NaN, 169.0839680385226, NaN, NaN, NaN, 168.3575468944816]}, "exclusive": {"throughput": [185.78346559945902, 205.57778837450223, 204.63619156803873, 204.14516775202094, 1.5446296939146058, 1.535229212406907, 1.5304909010797705, 1.5235515145851026, NaN, NaN, NaN, NaN, NaN, NaN, NaN, NaN, NaN, NaN, NaN, NaN, NaN, NaN, NaN, NaN, NaN, NaN, NaN, NaN, NaN, NaN, NaN, NaN]}, "static": {"throughput": [null, null, null, null, null, null, null, null, null, null, null, null, null, null, null, null, null, null, null, null, null, null, null, null, null, null, null, null, null, null, null, null]}, "fractional": {"throughput": [185.70627302774125, 206.57521253215205, 206.10685705278448, 206.29786326682824, 209.2905309037646, 206.4022172244703, 208.1632330459055, 206.1705433037129, 204.52817100044751, 204.1101917225451, 203.73353099229158, 203.40812400443806, 203.35526069166824, 202.90552456164747, 200.9449029858524, 199.81444100132802, NaN, NaN, NaN, 195.226676812425, NaN, NaN, NaN, 197.9372805722756, NaN, NaN, NaN, 174.45821552499288, NaN, NaN, NaN, NaN]}}, "testModel": {"kaas": {"throughput": [null, null, null, null, null, null, null, null, null, null, null, null, null, null, null, null, null, null, null, null, null, null, null, null, null, null, null, null, null, null, null, null]}, "exclusive": {"throughput": [null, null, null, null, null, null, null, null, null, null, null, null, null, null, null, null, null, null, null, null, null, null, null, null, null, null, null, null, null, null, null, null]}, "static": {"throughput": [null, null, null, null, null, null, null, null, null, null, null, null, null, null, null, null, null, null, null, null, null, null, null, null, null, null, null, null, null, null, null, null]}, "fractional": {"throughput": [null, null, null, null, null, null, null, null, null, null, null, null, null, null, null, null, null, null, null, null, null, null, null, null, null, null, null, null, null, null, null, null]}}, "bert": {"kaas": {"throughput": [38.63457522950657, NaN, NaN, 38.43389526215887, NaN, NaN, NaN, 38.13189824625815, NaN, NaN, NaN, 38.28299550816726, NaN, NaN, NaN, 38.10923156735672, NaN, NaN, NaN, 37.97665096959642, NaN, NaN, NaN, 37.92052039692952, NaN, NaN, NaN, 37.837027237576805, NaN, NaN, NaN, 37.729099850486584]}, "exclusive": {"throughput": [41.324065006985506, 41.29969032028625, 41.195963960258666, 41.14889317502482, 0.6016067385267337, 0.5927636244639412, 0.5838345708044782, 0.5799614708731186, NaN, NaN, NaN, NaN, NaN, NaN, NaN, NaN, NaN, NaN, NaN, NaN, NaN, NaN, NaN, NaN, NaN, NaN, NaN, NaN, NaN, NaN, NaN, NaN]}, "static": {"throughput": [null, null, null, null, null, null, null, null, null, null, null, null, null, null, null, null, null, null, null, null, null, null, null, null, null, null, null, null, null, null, null, null]}, "fractional": {"throughput": [41.1990201425638, 41.193030892730135, 41.17870164724158, 41.16094746737786, 44.206848532015414, 47.26143286494798, 50.324075239595125, 53.413455908249205, 52.57064849063227, 50.24581589193897, 49.33844949859395, 47.24857146256403, 51.57466595279695, 55.64634844880605, 59.109807973962035, 61.758538873738374, NaN, NaN, NaN, 40.255846137866655, NaN, NaN, NaN, 46.13995909367359, NaN, NaN, NaN, 35.38363870353366, NaN, NaN, NaN, NaN]}}, "jacobi": {"kaas": {"throughput": [47.023621990347856, NaN, NaN, 47.11454436413348, NaN, NaN, NaN, 47.04377713731235, NaN, NaN, NaN, 46.87728525686543, NaN, NaN, NaN, 46.97188215321582, NaN, NaN, NaN, 46.79788586007378, NaN, NaN, NaN, 46.87673265978469, NaN, NaN, NaN, 46.48823863457021, NaN, NaN, NaN, 46.764334831571176]}, "exclusive": {"throughput": [65.10217647733317, 65.03794795206545, 65.02414281784527, 65.06056545859592, 1.5575878937377792, 1.5589308937938018, 1.5388971977891908, 1.5372525031411672, NaN, NaN, NaN, NaN, NaN, NaN, NaN, NaN, NaN, NaN, NaN, NaN, NaN, NaN, NaN, NaN, NaN, NaN, NaN, NaN, NaN, NaN, NaN, NaN]}, "static": {"throughput": [null, null, null, null, null, null, null, null, null, null, null, null, null, null, null, null, null, null, null, null, null, null, null, null, null, null, null, null, null, null, null, null]}, "fractional": {"throughput": [64.64565375147369, 64.78414908722951, 64.72831789639174, 64.77696472278245, 80.62846148619849, 96.3561611804776, 111.65799698947684, 126.76686896222189, 136.4133259350525, 142.64602511777133, 150.5738479512386, 158.53155566602194, 172.53854055077773, 186.09578929557443, 194.7464954525558, 201.29021560243888, NaN, NaN, NaN, 153.42933563490953, NaN, NaN, NaN, 156.60232717991798, NaN, NaN, NaN, 186.34151148751414, NaN, NaN, NaN, NaN]}}}, "reqs": {"testModel": {"kaas": {"mem": 384827392, "sm": 6}, "native": {"mem": 349175808, "sm": 6}}, "resnet50": {"kaas": {"mem": 567279616,