{"isolated": {"cGEMM": {"kaas": {"latency": 46.7734375, "qps": 21.928753759135542, "model_runtime": 39.39528274536133}, "exclusive": {"latency": 45.62548828125, "qps": 22.243272506570104, "model_runtime": 38.79737091064453}, "static": {"latency": null, "qps": null, "model_runtime": null}, "fractional": {"latency": null, "qps": null, "model_runtime": null}}, "resnet50": {"kaas": {"latency": 28.31005859375, "qps": 52.63401754970873, "model_runtime": 7.42474365234375}, "exclusive": {"latency": 24.178466796875, "qps": 65.42714872684171, "model_runtime": 4.3726806640625}, "static": {"latency": null, "qps": null, "model_runtime": null}, "fractional": {"latency": null, "qps": null, "model_runtime": null}}, "testModel": {"kaas": {"latency": null, "qps": null, "model_runtime": null}, "exclusive": {"latency": null, "qps": null, "model_runtime": null}, "static": {"latency": null, "qps": null, "model_runtime": null}, "fractional": {"latency": null, "qps": null, "model_runtime": null}}, "bert": {"kaas": {"latency": 149.5880126953125, "qps": 9.676101441243512, "model_runtime": 98.71712112426758}, "exclusive": {"latency": 144.11474609375, "qps": 10.300311568193854, "model_runtime": 92.86723327636719}, "static": {"latency": null, "qps": null, "model_runtime": null}, "fractional": {"latency": null, "qps": null, "model_runtime": null}}, "jacobi": {"kaas": {"latency": 81.9859619140625, "qps": 11.874842547017527, "model_runtime": 76.61261749267578}, "exclusive": {"latency": 61.947021484375, "qps": 16.286805169088797, "model_runtime": 54.52349090576172}, "static": {"latency": null, "qps": null, "model_runtime": null}, "fractional": {"latency": null, "qps": null, "model_runtime": null}}}, "full": {"cGEMM": {"kaas": {"throughput": [89.11084494921208, 88.92545746657268, 88.9201520574339, 88.84925887798454, NaN, NaN, NaN, NaN, NaN, NaN, NaN, NaN, NaN, NaN, NaN, NaN]}, "exclusive": {"throughput": [89.3839624983677, 89.06025860312945, 88.86203240859683, 88.64279271345652, 1.473894093420945, 1.5052189311807862, 1.5284442213367986, 1.5079125400536417, NaN, NaN, NaN, NaN, NaN, NaN, NaN, NaN]}, "static": {"throughput": [null, null, null, null, null, null, null, null, null, null, null, null, null, null, null, null]}, "fractional": {"throughput": [89.31536921416647, 89.09535239981409, 88.72845151089469, 88.55073775994802, 99.1753322863456, 110.2451268239652, 121.72946163909022, 133.81210836073322, 127.48075075779592, 120.82227120087431, 116.7330067022211, 111.6897606935548, 121.2591213559626, 130.64965734928174, 138.01796647884467, 146.52681283328556]}}, "resnet50": {"kaas": {"throughput": [null, null, null, null, null, null, null, null, null, null, null, null, null, null, null, null]}, "exclusive": {"throughput": [185.78346559945902, 205.57778837450223, 204.63619156803873, 204.14516775202094, 1.5446296939146058, 1.535229212406907, 1.5304909010797703, 1.5235515145851026, NaN, NaN, NaN, NaN, NaN, NaN, NaN, NaN]}, "static": {"throughput": [null, null, null, null, null, null, null, null, null, null, null, null, null, null, null, null]}, "fractional": {"throughput": [185.70627302774125, 206.57521253215205, 206.10685705278448, 206.29786326682824, 209.2905309037646, 206.4022172244703, 208.1632330459055, 206.1705433037129, 204.52817100044751, 204.1101917225451, 203.73353099229158, 203.4081240044381, 203.3552606916682, 202.9055245616475, 200.9449029858524, 199.81444100132796]}}, "testModel": {"kaas": {"throughput": [null, null, null, null, null, null, null, null, null, null, null, null, null, null, null, null]}, "exclusive": {"throughput": [null, null, null, null, null, null, null, null, null, null, null, null, null, null, null, null]}, "static": {"throughput": [null, null, null, null, null, null, null, null, null, null, null, null, null, null, null, null]}, "fractional": {"throughput": [null, null, null, null, null, null, null, null, null, null, null, null, null, null, null, null]}}, "bert": {"kaas": {"throughput": [null, null, null, null, null, null, null, null, null, null, null, null, null, null, null, null]}, "exclusive": {"throughput": [41.324065006985506, 41.29969032028625, 41.195963960258666, 41.14889317502482, 0.6016067385267337, 0.5927636244639412, 0.5838345708044782, 0.5799614708731184, NaN, NaN, NaN, NaN, NaN, NaN, NaN, NaN]}, "static": {"throughput": [null, null, null, null, null, null, null, null, null, null, null, null, null, null, null, null]}, "fractional": {"throughput": [41.1990201425638, 41.193030892730135, 41.17870164724158, 41.16094746737786, 44.206848532015414, 47.26143286494798, 50.324075239595125, 53.41345590824921, 52.570648490632266, 50.24581589193897, 49.33844949859396, 47.24857146256402, 51.574665952796956, 55.64634844880606, 59.109807973962035, 61.75853887373837]}}, "jacobi": {"kaas": {"throughput": [null, null, null, null, null, null, null, null, null, null, null, null, null, null, null, null]}, "exclusive": {"throughput": [65.10217647733317, 65.03794795206545, 65.02414281784527, 65.06056545859592, 1.5575878937377792, 1.5589308937938018, 1.5388971977891908, 1.5372525031411672, NaN, NaN, NaN, NaN, NaN, NaN, NaN, NaN]}, "static": {"throughput": [null, null, null, null, null, null, null, null, null, null, null, null, null, null, null, null]}, "fractional": {"throughput": [64.64565375147369, 64.78414908722951, 64.72831789639176, 64.77696472278245, 80.62846148619847, 96.35616118047761, 111.65799698947686, 126.76686896222189, 136.41332593505248, 142.6460251177713, 150.57384795123863, 158.53155566602192, 172.53854055077775, 186.09578929557446, 194.7464954525558, 201.29021560243885]}}}, "reqs": {"testModel": {"kaas": {"mem": 384827392, "sm": 6}, "native": {"mem": 349175808, "sm": 6}}, "resnet50": {"kaas": {"mem": 567279616, "sm": 16}, "native": {"mem": 470810624, "sm": 16}}, "bert": {"kaas": {"mem": 3775922176, "sm": 68}, "native": {"mem": 1699741696, "sm": 71}}, "cGEMM": {"kaas": {"mem": 2406481920, "sm": 89}, "native": {"mem": 2389704704, "sm": 88}}, "jacobi": {"kaas": {"mem": 324009984, "sm": 87}, "native": {"mem": 321912832, "sm": 89}}}}