{"isolated": {"cGEMM": {"kaas": {"mem": 2406481920, "sm": 89, "latency": 48.414794921875, "qps": 22.44513385662992}, "native": {"mem": 2389704704, "sm": 88, "latency": 46.78076171875, "qps": 22.50806948873935}}, "resnet50": {"kaas": {"mem": 567279616, "sm": 16, "latency": 30.173095703125, "qps": 62.246311380229706}, "native": {"mem": 470810624, "sm": 16, "latency": 26.112548828125, "qps": 76.88620206943553}}, "testModel": {"kaas": {"mem": 384827392, "sm": 6}, "native": {"mem": 349175808, "sm": 6}}, "bert": {"kaas": {"mem": 3775922176, "sm": 68, "latency": 153.0521240234375}, "native": {"mem": 1699741696, "sm": 71, "latency": 148.594482421875}}, "jacobi": {"kaas": {"mem": 324009984, "sm": 87, "latency": 89.583984375}, "native": {"mem": 321912832, "sm": 89, "latency": 66.5086669921875}}}, "full": {"cGEMM": {"kaas": {"throughput": [87.43008830370307, NaN, NaN, 89.04707484336907, 89.00949749640563, NaN, NaN, 40.073668694851335, NaN, NaN, NaN, NaN, NaN, NaN, NaN, 12.10871719336922]}, "native": {"throughput": [87.66149446848816, NaN, NaN, 88.6833977140228, 1.1120681668125756, NaN, NaN, 1.1233769864627252, NaN, NaN, NaN, NaN, NaN, NaN, NaN, 1.0726676653447031]}, "static": {"throughput": [38.669054926016045, NaN, 95.32417345118512, 95.30338072413157, 95.2839288475228, NaN, NaN, NaN, NaN, 71.69968606609827, 71.36149028644344, NaN, NaN, NaN, 95.12165602574424, 95.06570841260654]}}, "resnet50": {"kaas": {"throughput": [118.51804871771665, NaN, NaN, 151.69268079932215, 163.65774459656853, NaN, NaN, 145.8762199465205, NaN, NaN, NaN, NaN, NaN, NaN, NaN, 144.71681210466022]}, "native": {"throughput": [141.8516545557795, NaN, NaN, 183.14796302180176, 1.1043267773614531, NaN, NaN, 1.1125143084296691, NaN, NaN, NaN, NaN, NaN, NaN, NaN, 1.0706699755686748]}, "static": {"throughput": [NaN, NaN, NaN, NaN, NaN, NaN, NaN, NaN, NaN, NaN, NaN, NaN, NaN, NaN, NaN, NaN]}}, "testModel": {"kaas": {"throughput": [null, null, null, null, null, null, null, null, null, null, null, null, null, null, null, null]}, "native": {"throughput": [null, null, null, null, null, null, null, null, null, null, null, null, null, null, null, null]}, "static": {"throughput": [null, null, null, null, null, null, null, null, null, null, null, null, null, null, null, null]}}, "bert": {"kaas": {"throughput": [30.56734552567946, NaN, NaN, 14.091521661738616, 9.08541810927972, NaN, NaN, 4.118528170206085, NaN, NaN, NaN, NaN, NaN, NaN, NaN, 2.9069222038075258]}, "native": {"throughput": [32.030601954327196, NaN, NaN, 41.12434342126961, 0.5238955467250264, NaN, NaN, 0.5099097001716562, NaN, NaN, NaN, NaN, NaN, NaN, NaN, 0.486017314723161]}, "static": {"throughput": [NaN, NaN, NaN, NaN, NaN, NaN, NaN, NaN, NaN, NaN, NaN, NaN, NaN, NaN, NaN, NaN]}}, "jacobi": {"kaas": {"throughput": [46.413927529800176, NaN, NaN, 47.06317878334484, 47.242267569816875, NaN, NaN, 47.21719784983385, NaN, NaN, NaN, NaN, NaN, NaN, NaN, 46.94533078693893]}, "native": {"throughput": [64.75210760690376, NaN, NaN, 65.54848494045646, 1.1364967647575352, NaN, NaN, 1.1759385239817144, NaN, NaN, NaN, NaN, NaN, NaN, NaN, 1.349831080969152]}, "static": {"throughput": [NaN, NaN, NaN, NaN, NaN, NaN, NaN, NaN, NaN, NaN, NaN, NaN, NaN, NaN, NaN, NaN]}}}}
