{"isolated": {"cGEMM": {"kaas": {"latency": 47.6697998046875, "qps": 21.928753759135542, "model_runtime": 39.55679702758789}, "exclusive": {"latency": 46.45556640625, "qps": 22.243272506570104, "model_runtime": 38.866294860839844}, "static": {"latency": null, "qps": null, "model_runtime": null}, "fractional": {"latency": null, "qps": null, "model_runtime": null}}, "resnet50": {"kaas": {"latency": 30.229248046875, "qps": 52.63401754970873, "model_runtime": 8.181983947753906}, "exclusive": {"latency": 26.0616455078125, "qps": 65.42714872684171, "model_runtime": 4.417503356933594}, "static": {"latency": null, "qps": null, "model_runtime": null}, "fractional": {"latency": null, "qps": null, "model_runtime": null}}, "testModel": {"kaas": {"latency": null, "qps": null, "model_runtime": null}, "exclusive": {"latency": null, "qps": null, "model_runtime": null}, "static": {"latency": null, "qps": null, "model_runtime": null}, "fractional": {"latency": null, "qps": null, "model_runtime": null}}, "bert": {"kaas": {"latency": 151.434326171875, "qps": 9.676101441243512, "model_runtime": 99.02676010131836}, "exclusive": {"latency": 146.8800048828125, "qps": 10.300311568193854, "model_runtime": 92.89483642578125}, "static": {"latency": null, "qps": null, "model_runtime": null}, "fractional": {"latency": null, "qps": null, "model_runtime": null}}, "jacobi": {"kaas": {"latency": 82.8590087890625, "qps": 11.874842547017527, "model_runtime": 77.09657287597656}, "exclusive": {"latency": 62.27490234375, "qps": 16.286805169088797, "model_runtime": 53.98929977416992}, "static": {"latency": null, "qps": null, "model_runtime": null}, "fractional": {"latency": null, "qps": null, "model_runtime": null}}}, "full": {"cGEMM": {"kaas": {"throughput": [89.04612689414967, 88.9714143203588, 88.83599766956006, 88.9852443323517, 88.77098196801698, 88.71786028970911, 88.57188620294764, 88.60306509225751, 88.56200798938588, 88.41686666270859, 88.32254738352748, 88.10056337352023, 88.37654307707005, 88.26210429309975, 88.22810905775205, 88.27085940411436, NaN, NaN, NaN, 88.17961028616305, NaN, NaN, NaN, 88.1103227008808, 87.4051957690103, 85.23169464853679, 84.89506009396186, 87.6378116791514, 45.9, 24.351308555660875, 19.3511924320918, 16.08821042052395]}, "exclusive": {"throughput": [89.3839624983677, 89.06025860312945, 88.86203240859685, 88.64279271345652, 1.4738940934209452, 1.5052189311807862, 1.5284442213367986, 1.5079125400536415, NaN, 1.3711171438979532, NaN, 1.4876162629741818, NaN, 1.4726707042639775, NaN, 1.4601760329312812, NaN, NaN, NaN, NaN, NaN, NaN, NaN, NaN, NaN, NaN, NaN, NaN, NaN, NaN, NaN, NaN]}, "static": {"throughput": [null, null, null, null, null, null, null, null, null, null, null, null, null, null, null, null, null, null, null, null, null, null, null, null, null, null, null, null, null, null, null, null]}, "fractional": {"throughput": [89.31536921416647, 89.09535239981409, 88.72845151089467, 88.55073775994803, 99.1753322863456, 110.2451268239652, 121.72946163909022, 133.81210836073322, 127.48075075779596, 120.8222712008743, 116.73300670222112, 111.68976069355479, 121.2591213559626, 130.6496573492817, 138.01796647884464, 146.52681283328556, NaN, NaN, NaN, NaN, NaN, NaN, NaN, NaN, NaN, NaN, NaN, NaN, NaN, NaN, NaN, NaN]}}, "resnet50": {"kaas": {"throughput": [157.4345736232271, 172.5474752411951, 170.86545984842587, 172.75305099021057, 170.1811536552045, 169.6556236054876, 169.77103652073444, 171.03682829443412, 169.2635595096956, 169.43041989405458, 169.16098574839333, 170.37138774255922, 169.16054687323873, 168.59007865334843, 168.55651078268747, 170.3204386190207, NaN, NaN, NaN, 169.26714481664604, NaN, NaN, NaN, 169.5067927952161, 171.98466423759243, 170.01013899079985, 168.30135362993312, 169.0839680385226, 167.87694794427625, 167.00985935617067, 167.37064236395096, 168.3575468944816]}, "exclusive": {"throughput": [185.78346559945902, 205.57778837450223, 204.63619156803873, 204.14516775202094, 1.5446296939146058, 1.535229212406907, 1.5304909010797705, 1.5235515145851026, NaN, 1.5044352088323893, NaN, 1.4908412676868952, NaN, 1.4743910243769842, NaN, 1.4616382798607686, NaN, NaN, NaN, NaN, NaN, NaN, NaN, NaN, NaN, NaN, NaN, NaN, NaN, NaN, NaN, NaN]}, "static": {"throughput": [null, null, null, null, null, null, null, null, null, null, null, null, null, null, null, null, null, null, null, null, null, null, null, null, null, null, null, null, null, null, null, null]}, "fractional": {"throughput": [185.70627302774125, 206.57521253215205, 206.10685705278448, 206.29786326682824, 209.2905309037646, 206.4022172244703, 208.1632330459055, 206.1705433037129, 204.52817100044751, 204.1101917225451, 203.73353099229158, 203.40812400443806, 203.35526069166824, 202.90552456164747, 200.9449029858524, 199.81444100132802, NaN, NaN, NaN, 195.226676812425, NaN, NaN, NaN, 197.9372805722756, NaN, NaN, NaN, 174.45821552499288, NaN, NaN, NaN, NaN]}}, "testModel": {"kaas": {"throughput": [null, null, null, null, null, null, null, null, null, null, null, null, null, null, null, null, null, null, null, null, null, null, null, null, null, null, null, null, null, null, null, null]}, "exclusive": {"throughput": [null, null, null, null, null, null, null, null, null, null, null, null, null, null, null, null, null, null, null, null, null, null, null, null, null, null, null, null, null, null, null, null]}, "static": {"throughput": [null, null, null, null, null, null, null, null, null, null, null, null, null, null, null, null, null, null, null, null, null, null, null, null, null, null, null, null, null, null, null, null]}, "fractional": {"throughput": [null, null, null, null, null, null, null, null, null, null, null, null, null, null, null, null, null, null, null, null, null, null, null, null, null, null, null, null, null, null, null, null]}}, "bert": {"kaas": {"throughput": [38.63457522950657, 38.53910921207211, 38.42515064943406, 38.43389526215887, 38.412488149828704, 38.339016887686306, 38.267262216664776, 38.13189824625815, 38.29113772406788, 38.20425492731514, 38.13295911069995, 38.28299550816726, 38.164590971664204, 38.0843436483751, 38.02667103438466, 38.10923156735672, NaN, NaN, NaN, 37.97665096959642, NaN, NaN, NaN, 37.92052039692952, 37.880369506468945, 37.91133531553124, 37.78259974835801, 37.837027237576805, 37.65116859854067, 37.57153792241342, 37.43801600440058, 37.729099850486584]}, "exclusive": {"throughput": [41.324065006985506, 41.29969032028625, 41.195963960258666, 41.14889317502482, 0.6016067385267337, 0.5927636244639412, 0.5838345708044782, 0.5799614708731186, NaN, 0.5617591474525429, NaN, 0.5505340111373398, NaN, 0.5423845972533995, NaN, 0.5267607367508002, NaN, NaN, NaN, NaN, NaN, NaN, NaN, NaN, NaN, NaN, NaN, NaN, NaN, NaN, NaN, NaN]}, "static": {"throughput": [null, null, null, null, null, null, null, null, null, null, null, null, null, null, null, null, null, null, null, null, null, null, null, null, null, null, null, null, null, null, null, null]}, "fractional": {"throughput": [41.1990201425638, 41.193030892730135, 41.17870164724158, 41.16094746737786, 44.206848532015414, 47.26143286494798, 50.324075239595125, 53.413455908249205, 52.57064849063227, 50.24581589193897, 49.33844949859395, 47.24857146256403, 51.57466595279695, 55.64634844880605, 59.109807973962035, 61.758538873738374, NaN, NaN, NaN, 40.255846137866655, NaN, NaN, NaN, 46.13995909367359, NaN, NaN, NaN, 35.38363870353366, NaN, NaN, NaN, NaN]}}, "jacobi": {"kaas": {"throughput": [47.023621990347856, 47.312303832142504, 47.213055740507905, 47.11454436413348, 47.386653348617145, 46.940519532176694, 47.16091113624031, 47.04377713731235, 47.10871888158713, 46.69532405758808, 47.12365589409253, 46.87728525686543, 46.91857064126777, 47.07879283199768, 46.755650618206666, 46.97188215321582, NaN, NaN, NaN, 46.79788586007378, NaN, NaN, NaN, 46.87673265978469, 46.82994826972526, 46.92768744066752, 46.58812632646515, 46.48823863457021, 46.716777017344505, 46.65178615092317, 46.687715794386065, 46.764334831571176]},